f1,recall,precision,roc_auc
0.4684329199549041,0.9400452488687784,0.3119369369369369,0.883435706599713
